year,day,ransomware_addresses,white_addresses
2011,262,1,22
2011,264,1,20
2011,266,1,33
2011,277,1,25
2011,283,2,29
2011,286,1,32
2011,301,1,18
2011,314,1,27
2011,329,1,18
2011,334,1,16
2011,335,2,28
2011,336,2,20
2011,337,2,17
2011,348,2,25
2011,349,1,22
2011,357,2,20
2011,359,2,29
2011,363,1,21
2012,1,2,28
2012,2,1,11
2012,16,2,25
2012,18,2,26
2012,19,1,21
2012,20,1,19
2012,33,1,22
2012,50,1,25
2012,57,1,12
2012,62,2,19
2012,68,2,20
2012,71,1,19
2012,78,1,17
2012,88,1,25
2012,90,1,25
2012,92,1,24
2012,93,2,17
2012,102,2,16
2012,103,1,29
2012,104,1,20
2012,108,2,23
2012,112,1,20
2012,117,2,12
2012,120,1,18
2012,121,2,19
2012,123,1,24
2012,125,2,21
2012,126,2,30
2012,129,1,12
2012,130,1,20
2012,132,2,26
2012,134,2,22
2012,137,1,17
2012,140,2,19
2012,141,1,26
2012,151,2,18
2012,152,2,27
2012,154,2,18
2012,156,1,22
2012,157,3,26
2012,161,1,18
2012,164,3,17
2012,171,2,18
2012,182,2,18
2012,186,4,17
2012,188,2,18
2012,199,3,21
2012,200,5,24
2012,206,2,25
2012,207,3,17
2012,211,3,16
2012,214,1,20
2012,217,1,11
2012,225,2,20
2012,226,3,22
2012,228,3,19
2012,231,4,20
2012,232,7,24
2012,233,4,24
2012,235,3,24
2012,243,4,21
2012,244,3,21
2012,248,4,24
2012,249,5,23
2012,250,2,16
2012,252,2,31
2012,256,5,24
2012,257,2,23
2012,258,5,15
2012,267,4,15
2012,270,4,20
2012,271,2,19
2012,272,1,24
2012,275,2,23
2012,277,2,20
2012,279,2,24
2012,280,5,36
2012,282,2,18
2012,285,5,15
2012,292,1,30
2012,294,2,28
2012,296,1,21
2012,297,3,25
2012,298,2,20
2012,302,4,23
2012,305,3,25
2012,306,2,24
2012,310,3,17
2012,311,3,15
2012,318,3,15
2012,319,1,23
2012,325,3,21
2012,327,4,23
2012,328,5,26
2012,330,1,20
2012,331,4,18
2012,336,2,29
2012,337,1,14
2012,338,1,19
2012,339,3,23
2012,341,1,17
2012,343,4,19
2012,344,1,21
2012,352,1,24
2012,354,2,23
2012,356,1,15
2012,362,5,20
2012,363,3,24
2013,5,2,21
2013,6,1,17
2013,7,2,20
2013,11,2,28
2013,12,2,19
2013,13,3,14
2013,15,3,25
2013,17,5,18
2013,18,2,16
2013,20,4,12
2013,25,1,25
2013,32,2,26
2013,33,5,29
2013,35,2,27
2013,36,2,22
2013,37,2,28
2013,38,5,26
2013,40,2,13
2013,46,3,15
2013,50,3,22
2013,51,5,17
2013,54,3,19
2013,58,4,19
2013,61,2,27
2013,62,2,23
2013,64,2,31
2013,65,4,13
2013,74,5,17
2013,77,4,19
2013,78,7,27
2013,85,3,24
2013,89,6,16
2013,92,14,26
2013,94,11,11
2013,99,7,25
2013,101,11,18
2013,103,7,18
2013,107,10,17
2013,108,8,33
2013,111,5,18
2013,114,10,23
2013,115,12,12
2013,116,9,9
2013,117,16,22
2013,118,8,23
2013,122,9,17
2013,123,15,25
2013,129,6,19
2013,134,7,26
2013,135,8,20
2013,140,7,17
2013,142,5,13
2013,143,9,18
2013,144,7,14
2013,146,8,25
2013,149,5,28
2013,151,8,19
2013,154,9,22
2013,155,5,15
2013,156,11,12
2013,159,5,21
2013,160,6,29
2013,164,10,16
2013,166,8,15
2013,170,7,16
2013,172,16,23
2013,174,6,17
2013,175,11,15
2013,178,12,19
2013,182,9,22
2013,183,7,27
2013,185,9,26
2013,187,7,19
2013,188,2,17
2013,198,11,13
2013,204,12,17
2013,205,10,12
2013,209,11,23
2013,210,12,17
2013,211,9,24
2013,212,14,20
2013,213,13,23
2013,219,17,31
2013,220,15,15
2013,225,13,17
2013,227,20,24
2013,228,13,24
2013,229,8,25
2013,230,8,19
2013,233,16,21
2013,236,15,31
2013,240,16,22
2013,241,19,24
2013,243,18,17
2013,244,15,18
2013,253,18,25
2013,255,27,13
2013,257,19,19
2013,262,31,27
2013,263,31,27
2013,267,25,25
2013,268,34,26
2013,269,32,17
2013,272,25,17
2013,278,35,18
2013,291,80,23
2013,295,122,16
2013,298,99,19
2013,300,43,20
2013,305,57,15
2013,309,81,16
2013,311,161,21
2013,314,50,18
2013,318,77,23
2013,320,29,14
2013,325,66,21
2013,330,73,23
2013,331,85,20
2013,339,52,19
2013,340,35,19
2013,341,33,18
2013,343,37,16
2013,347,35,24
2013,349,21,20
2013,351,39,16
2013,355,14,21
2013,356,30,25
2013,358,20,30
2013,360,29,20
2013,364,20,25
2014,4,13,25
2014,9,18,16
2014,12,11,24
2014,13,14,22
2014,16,14,26
2014,18,6,19
2014,20,11,11
2014,21,11,22
2014,23,14,22
2014,24,15,23
2014,29,12,18
2014,36,11,16
2014,45,14,24
2014,48,13,14
2014,50,10,22
2014,65,65,19
2014,67,58,27
2014,70,104,35
2014,76,181,22
2014,88,67,20
2014,91,96,16
2014,94,83,21
2014,97,77,26
2014,103,56,20
2014,107,47,20
2014,115,73,18
2014,117,53,19
2014,119,60,18
2014,123,40,31
2014,125,46,20
2014,127,54,20
2014,143,72,24
2014,145,58,25
2014,146,55,9
2014,150,75,18
2014,151,55,21
2014,153,51,27
2014,154,48,25
2014,156,65,18
2014,161,48,28
2014,167,50,24
2014,174,41,22
2014,183,60,33
2014,185,40,21
2014,194,26,22
2014,196,25,14
2014,199,27,25
2014,204,5,21
2014,206,4,22
2014,208,1,25
2014,209,4,27
2014,215,1,18
2014,221,2,19
2014,226,6,12
2014,229,1,26
2014,231,3,24
2014,232,4,20
2014,234,3,20
2014,235,2,21
2014,241,2,21
2014,242,3,19
2014,244,1,14
2014,246,1,23
2014,248,5,19
2014,252,4,30
2014,253,3,12
2014,255,1,17
2014,262,2,37
2014,264,1,23
2014,268,2,25
2014,272,1,11
2014,273,1,11
2014,276,1,21
2014,281,2,26
2014,288,1,20
2014,295,2,27
2014,297,2,28
2014,303,2,29
2014,311,1,23
2014,316,1,22
2014,320,1,31
2014,327,1,25
2014,331,1,16
2014,332,1,22
2015,15,2,26
2015,16,2,28
2015,18,2,16
2015,23,9,20
2015,26,5,19
2015,27,4,23
2015,30,3,17
2015,33,5,19
2015,34,7,27
2015,50,2,17
2015,51,3,21
2015,55,4,21
2015,56,7,20
2015,58,5,26
2015,59,3,16
2015,66,1,25
2015,70,3,19
2015,74,1,20
2015,75,4,17
2015,76,5,15
2015,85,4,25
2015,91,9,16
2015,92,2,23
2015,99,5,26
2015,108,1,21
2015,138,1,25
2015,140,1,14
2015,148,13,21
2015,149,11,24
2015,150,5,27
2015,152,10,19
2015,153,21,21
2015,155,21,22
2015,156,20,18
2015,160,26,18
2015,166,13,27
2015,168,12,22
2015,169,27,17
2015,170,42,12
2015,180,30,17
2015,182,25,16
2015,183,27,18
2015,186,4,14
2015,187,16,15
2015,189,30,29
2015,205,19,17
2015,209,19,20
2015,211,15,29
2015,212,14,18
2015,214,3,24
2015,226,23,15
2015,227,3,22
2015,231,9,14
2015,232,5,21
2015,234,5,19
2015,242,4,23
2015,251,37,22
2015,258,27,22
2015,260,40,18
2015,275,7,26
2015,276,3,19
2015,282,10,20
2015,283,4,32
2015,284,6,15
2015,286,13,24
2015,287,13,20
2015,291,2,19
2015,298,2,18
2015,299,9,24
2015,300,14,17
2015,308,15,14
2015,318,3,18
2015,320,11,19
2015,323,13,22
2015,324,14,24
2015,325,3,22
2015,328,13,22
2015,329,12,19
2015,332,3,20
2015,336,7,17
2015,338,3,13
2015,341,1,17
2015,343,1,25
2015,349,1,18
2015,350,1,23
2015,352,3,27
2015,357,1,17
2016,56,54,34
2016,57,59,18
2016,58,17,16
2016,59,13,22
2016,61,50,24
2016,71,51,40
2016,72,19,16
2016,76,170,23
2016,78,201,20
2016,81,135,18
2016,86,40,16
2016,91,145,15
2016,96,66,20
2016,100,18,20
2016,101,13,17
2016,103,35,19
2016,104,41,19
2016,106,51,18
2016,110,46,21
2016,111,55,16
2016,115,6,16
2016,119,59,19
2016,121,29,24
2016,122,14,28
2016,125,85,17
2016,128,36,25
2016,132,44,17
2016,133,98,21
2016,134,93,20
2016,140,53,15
2016,142,40,22
2016,143,35,19
2016,144,95,21
2016,148,98,20
2016,150,20,18
2016,151,68,20
2016,161,145,22
2016,173,39,23
2016,174,50,19
2016,177,22,16
2016,179,43,22
2016,183,56,24
2016,187,46,24
2016,188,53,25
2016,198,36,24
2016,200,49,26
2016,203,66,19
2016,207,50,16
2016,208,35,18
2016,209,32,26
2016,210,39,27
2016,212,17,22
2016,217,46,19
2016,219,23,16
2016,224,44,19
2016,227,16,16
2016,229,44,29
2016,231,47,21
2016,236,41,20
2016,238,56,14
2016,239,48,23
2016,240,18,22
2016,241,6,20
2016,246,73,21
2016,247,39,18
2016,249,49,23
2016,251,51,17
2016,253,69,15
2016,254,20,19
2016,256,42,12
2016,261,19,18
2016,265,78,20
2016,268,36,26
2016,270,60,26
2016,271,61,19
2016,277,51,18
2016,282,30,9
2016,283,23,17
2016,285,65,23
2016,288,41,20
2016,289,20,17
2016,291,42,19
2016,292,48,22
2016,296,19,20
2016,297,14,30
2016,298,25,19
2016,305,43,14
2016,308,22,20
2016,309,26,20
2016,313,25,20
2016,316,35,18
2016,321,43,19
2016,323,43,18
2016,326,25,31
2016,332,7,26
2016,333,23,19
2016,335,25,27
2016,336,23,19
2016,340,33,18
2016,355,33,23
2016,361,22,17
2016,363,22,37
2016,364,36,15
2017,3,26,23
2017,11,13,22
2017,20,33,15
2017,22,3,17
2017,26,28,23
2017,27,8,19
2017,28,1,26
2017,32,32,20
2017,39,29,17
2017,43,8,24
2017,59,14,23
2017,60,12,25
2017,65,22,20
2017,66,16,19
2017,70,10,25
2017,72,27,19
2017,78,7,22
2017,82,19,23
2017,84,14,20
2017,85,4,19
2017,87,26,26
2017,89,14,29
2017,96,16,14
2017,98,5,21
2017,115,21,23
2017,116,16,25
2017,119,9,22
2017,121,11,25
2017,123,8,20
2017,127,4,27
2017,128,9,19
2017,130,8,16
2017,131,16,21
2017,136,11,22
2017,138,12,20
2017,139,8,30
2017,140,7,22
2017,144,9,33
2017,147,4,26
2017,150,9,19
2017,152,10,25
2017,159,6,12
2017,161,4,12
2017,162,2,16
2017,163,10,21
2017,170,10,22
2017,172,15,29
2017,174,6,31
2017,175,2,19
2017,179,8,15
2017,180,5,13
2017,181,9,18
2017,182,5,19
2017,183,3,17
2017,184,10,18
2017,187,11,22
2017,188,6,25
2017,190,5,18
2017,191,14,24
2017,192,10,19
2017,203,3,23
2017,206,6,21
2017,207,2,11
2017,208,5,20
2017,210,3,14
2017,215,3,16
2017,217,3,19
2017,218,1,17
2017,221,5,17
2017,223,7,21
2017,224,2,19
2017,225,2,24
2017,226,3,21
2017,233,2,34
2017,240,5,27
2017,241,5,16
2017,243,3,22
2011,364,1,27
2012,38,1,19
2012,56,1,25
2012,84,1,17
2012,86,1,17
2012,109,2,32
2012,111,1,21
2012,155,2,15
2012,162,2,26
2012,174,2,28
2012,175,4,20
2012,179,4,15
2012,184,3,23
2012,213,5,23
2012,220,2,25
2012,224,4,15
2012,229,1,18
2012,266,3,26
2012,295,3,19
2012,313,1,23
2012,316,2,21
2012,365,3,19
2013,43,4,23
2013,48,4,29
2013,63,4,30
2013,75,3,22
2013,106,17,14
2013,145,7,15
2013,168,11,26
2013,181,5,25
2013,184,5,23
2013,226,23,27
2013,246,19,21
2013,275,36,24
2013,290,71,21
2013,296,78,17
2013,299,56,17
2013,312,109,21
2013,335,37,20
2013,344,53,19
2014,11,16,23
2014,19,6,19
2014,42,9,18
2014,53,8,19
2014,55,15,32
2014,63,21,18
2014,66,77,19
2014,68,106,24
2014,81,184,22
2014,82,83,14
2014,100,122,24
2014,110,51,22
2014,113,50,20
2014,114,57,15
2014,116,42,19
2014,147,52,17
2014,148,55,25
2014,177,45,22
2014,179,33,15
2014,198,25,25
2014,200,17,14
2014,212,2,22
2014,249,1,17
2014,279,1,28
2014,280,1,16
2014,315,1,27
2014,319,1,26
2015,52,2,23
2015,64,12,18
2015,67,1,31
2015,83,1,23
2015,142,2,22
2015,161,26,15
2015,191,42,20
2015,194,30,16
2015,195,43,23
2015,199,13,15
2015,213,5,14
2015,222,7,19
2015,225,19,20
2015,233,10,28
2015,237,8,21
2015,240,11,20
2015,270,3,26
2015,307,16,25
2015,310,17,24
2015,313,13,21
2015,344,4,15
2016,54,51,24
2016,67,29,21
2016,75,112,15
2016,89,111,24
2016,163,44,27
2016,169,49,23
2016,172,38,21
2016,190,70,15
2016,201,53,19
2016,226,20,23
2016,252,60,17
2016,278,86,13
2016,302,59,20
2017,8,6,21
2017,24,20,23
2017,37,45,21
2017,40,27,27
2017,46,33,21
2017,55,36,26
2017,67,20,22
2017,68,19,25
2017,71,7,23
2017,92,9,28
2017,103,26,12
2017,106,6,20
2017,107,22,17
2017,142,10,20
2017,156,10,32
2017,165,15,21
2017,173,5,23
2017,237,3,16
2011,246,1,19
2011,340,2,17
2012,36,1,18
2012,40,1,16
2012,43,2,14
2012,81,1,11
2012,101,1,20
2012,143,2,27
2012,145,2,23
2012,146,1,16
2012,147,1,24
2012,159,1,21
2012,216,3,17
2012,265,4,15
2012,276,4,24
2012,284,3,25
2012,286,1,16
2012,291,3,18
2012,293,4,20
2012,323,1,24
2012,347,1,27
2012,358,2,28
2013,8,2,28
2013,28,4,20
2013,29,2,22
2013,67,3,22
2013,86,5,20
2013,127,9,21
2013,139,6,24
2013,148,5,27
2013,161,7,20
2013,167,5,30
2013,173,13,22
2013,179,12,18
2013,189,12,16
2013,206,10,22
2013,256,29,15
2013,283,88,14
2013,284,67,31
2013,315,67,24
2013,316,89,20
2013,323,75,18
2013,365,20,21
2014,2,20,16
2014,7,22,17
2014,10,19,19
2014,77,186,20
2014,79,307,18
2014,92,118,25
2014,109,60,16
2014,172,35,29
2014,175,36,21
2014,188,37,13
2014,193,28,18
2014,201,9,23
2014,203,8,24
2014,214,3,26
2014,245,4,16
2014,256,3,28
2014,266,2,16
2014,277,1,21
2014,286,1,18
2014,308,2,16
2014,321,2,27
2015,19,3,17
2015,32,2,29
2015,53,1,15
2015,60,2,15
2015,79,1,24
2015,97,4,25
2015,141,1,19
2015,177,58,23
2015,181,25,16
2015,190,33,20
2015,202,25,21
2015,206,7,26
2015,305,2,13
2015,314,13,12
2015,315,12,22
2015,317,13,15
2015,322,8,19
2015,337,1,25
2015,346,2,22
2015,348,1,21
2016,87,28,30
2016,93,21,25
2016,167,40,25
2016,180,39,13
2016,181,54,12
2016,189,50,23
2016,194,40,29
2016,233,11,15
2016,260,50,20
2016,267,82,18
2016,269,18,24
2016,299,35,31
2016,307,22,24
2016,320,31,14
2016,325,6,17
2016,329,15,9
2016,330,24,25
2016,359,25,23
2017,5,27,11
2017,19,25,22
2017,56,15,21
2017,62,27,19
2017,83,21,17
2017,91,12,21
2017,104,23,23
2017,122,18,17
2017,153,10,28
2017,154,2,18
2017,158,5,30
2017,185,12,26
2017,189,5,22
2017,200,7,24
2017,201,3,11
2017,204,3,22
2017,216,4,27
2017,219,4,31
2011,268,1,19
2011,281,1,16
2011,358,1,24
2011,365,1,24
2012,9,1,27
2012,69,1,24
2012,72,1,21
2012,110,2,21
2012,149,1,20
2012,160,2,20
2012,167,1,17
2012,195,1,21
2012,196,1,18
2012,219,2,20
2012,240,4,26
2012,259,4,23
2012,260,3,14
2012,269,4,19
2012,273,4,22
2012,274,3,16
2012,300,1,15
2012,307,2,19
2012,315,1,23
2012,326,2,15
2012,348,2,23
2013,4,2,25
2013,52,4,19
2013,59,3,18
2013,60,5,21
2013,70,4,17
2013,79,2,20
2013,96,5,23
2013,97,7,28
2013,119,8,21
2013,125,10,16
2013,128,6,31
2013,130,4,18
2013,131,11,27
2013,186,11,24
2013,191,12,20
2013,193,12,20
2013,199,6,17
2013,201,12,12
2013,217,20,19
2013,258,23,24
2013,273,34,26
2013,276,44,22
2013,277,34,24
2013,289,91,28
2013,294,72,15
2014,33,6,25
2014,37,15,21
2014,51,13,23
2014,61,12,21
2014,62,16,17
2014,64,29,21
2014,74,70,15
2014,80,255,19
2014,120,75,16
2014,132,46,16
2014,135,47,18
2014,142,67,20
2014,152,50,24
2014,160,39,18
2014,173,27,23
2014,181,64,33
2014,197,40,18
2014,225,4,24
2014,230,3,15
2014,251,4,22
2014,304,1,25
2015,17,1,16
2015,31,1,26
2015,35,1,19
2015,77,5,20
2015,80,1,25
2015,90,4,15
2015,103,2,25
2015,113,4,17
2015,203,20,24
2015,247,34,14
2015,263,9,21
2015,264,24,28
2015,288,8,22
2015,294,9,14
2015,301,11,12
2016,55,45,20
2016,64,35,18
2016,80,17,17
2016,99,48,26
2016,118,42,16
2016,138,59,25
2016,139,63,27
2016,147,109,23
2016,149,53,17
2016,168,43,29
2016,202,78,19
2016,205,19,21
2016,211,35,19
2016,218,77,27
2016,225,41,19
2016,235,32,24
2016,243,32,27
2016,301,60,20
2016,310,12,30
2016,328,9,22
2016,349,15,20
2016,350,11,19
2016,362,22,15
2017,10,30,21
2017,16,36,21
2017,36,11,16
2017,42,13,29
2017,51,37,20
2017,52,21,19
2017,57,4,14
2017,86,26,21
2017,88,25,27
2017,99,6,12
2017,110,18,12
2017,118,20,17
2017,148,11,21
2017,149,9,19
2017,155,3,19
2017,164,7,19
2017,195,12,24
2017,196,3,23
2017,214,3,23
2017,236,2,24
2011,272,2,23
2011,289,1,29
2011,319,1,27
2011,333,2,32
2011,344,1,21
2012,37,2,18
2012,60,1,21
2012,61,1,14
2012,65,2,17
2012,89,1,25
2012,94,1,26
2012,107,1,17
2012,128,3,20
2012,170,2,24
2012,187,3,20
2012,204,1,16
2012,247,3,16
2012,281,3,27
2012,304,1,17
2012,314,2,20
2012,350,2,20
2012,353,3,21
2012,355,3,20
2012,359,5,14
2013,41,1,27
2013,68,3,19
2013,73,3,21
2013,91,11,23
2013,93,9,18
2013,102,11,26
2013,113,8,21
2013,124,6,17
2013,152,7,14
2013,158,7,20
2013,194,7,25
2013,195,17,18
2013,197,9,17
2013,202,9,22
2013,215,9,23
2013,250,22,23
2013,254,26,17
2013,265,21,26
2013,301,53,15
2013,317,75,19
2013,336,41,14
2013,337,32,18
2013,353,34,24
2013,362,21,24
2014,5,33,22
2014,22,16,13
2014,31,13,15
2014,34,11,19
2014,52,12,29
2014,59,11,26
2014,75,128,26
2014,83,135,16
2014,104,84,17
2014,118,61,21
2014,121,41,18
2014,136,38,18
2014,158,37,21
2014,184,37,26
2014,195,28,12
2014,205,4,22
2014,219,3,15
2014,223,5,17
2014,260,3,35
2014,267,2,17
2014,270,2,19
2014,287,1,21
2014,318,1,25
2014,337,2,22
2015,29,6,26
2015,41,8,25
2015,73,3,26
2015,93,3,16
2015,157,6,20
2015,164,8,23
2015,174,35,21
2015,249,11,26
2015,269,2,17
2015,271,4,20
2015,293,7,20
2015,302,13,20
2015,330,7,23
2016,51,33,16
2016,60,34,26
2016,62,39,28
2016,65,8,16
2016,66,13,22
2016,97,70,23
2016,107,29,26
2016,109,49,20
2016,117,37,16
2016,157,27,25
2016,159,155,19
2016,176,49,21
2016,191,27,21
2016,204,48,20
2016,222,63,23
2016,276,13,22
2016,293,44,19
2016,304,8,17
2016,314,30,23
2016,331,6,21
2016,358,33,26
2016,360,11,24
2017,2,25,16
2017,9,28,23
2017,48,35,17
2017,61,24,26
2017,90,30,24
2017,101,14,28
2017,134,4,29
2017,157,8,20
2017,160,11,16
2017,166,8,15
2017,178,9,13
2017,198,12,20
2017,199,12,22
2017,202,7,28
2017,205,9,25
2017,212,3,21
2017,228,3,16
2011,254,1,20
2011,291,1,22
2011,327,2,23
2012,25,2,20
2012,34,1,18
2012,49,2,20
2012,58,2,22
2012,85,2,17
2012,87,1,20
2012,98,1,21
2012,105,2,25
2012,114,2,26
2012,116,2,20
2012,131,1,14
2012,176,3,14
2012,190,1,24
2012,205,1,20
2012,218,3,21
2012,230,3,28
2012,241,2,24
2012,278,3,28
2012,283,3,17
2012,320,1,16
2012,324,4,21
2012,346,1,24
2012,349,2,16
2012,357,3,22
2013,9,1,19
2013,19,2,20
2013,23,4,26
2013,26,3,20
2013,112,7,30
2013,126,14,26
2013,132,7,21
2013,137,11,21
2013,141,10,25
2013,165,9,22
2013,176,6,28
2013,190,8,15
2013,200,11,32
2013,203,12,22
2013,221,14,19
2013,231,12,17
2013,261,31,30
2013,280,36,21
2013,286,43,23
2013,303,65,24
2013,333,52,18
2013,345,60,17
2013,361,10,14
2014,15,16,20
2014,27,17,22
2014,38,16,17
2014,40,11,25
2014,47,7,24
2014,78,227,24
2014,89,109,16
2014,98,82,30
2014,111,62,21
2014,130,37,23
2014,137,25,18
2014,140,72,21
2014,191,36,18
2014,192,41,14
2014,275,1,20
2014,293,1,17
2014,324,1,20
2015,21,9,14
2015,38,5,20
2015,40,6,25
2015,88,2,21
2015,147,5,20
2015,162,31,21
2015,185,8,11
2015,197,46,17
2015,200,4,20
2015,204,20,28
2015,215,21,21
2015,217,23,20
2015,218,13,20
2015,239,22,24
2015,254,20,20
2015,261,40,22
2015,272,7,17
2015,274,8,18
2015,279,13,22
2015,296,10,28
2015,316,15,24
2016,47,29,21
2016,49,117,14
2016,74,46,17
2016,77,185,17
2016,95,70,13
2016,123,63,24
2016,135,28,15
2016,145,86,19
2016,153,102,15
2016,156,67,27
2016,185,13,24
2016,216,44,23
2016,220,10,19
2016,273,61,18
2016,275,30,21
2016,300,28,20
2016,318,7,17
2016,337,28,24
2016,356,54,14
2017,14,12,22
2017,35,20,23
2017,53,28,25
2017,81,27,27
2017,95,27,23
2017,109,20,19
2017,113,7,18
2017,114,18,27
2017,117,9,24
2017,125,10,21
2017,126,9,25
2017,129,8,30
2017,186,5,26
2017,230,3,27
2017,242,4,30
2011,274,2,14
2011,294,2,22
2011,360,1,19
2012,13,1,14
2012,21,2,23
2012,119,2,22
2012,180,2,21
2012,202,2,23
2012,262,4,24
2012,287,3,23
2012,289,2,17
2012,290,3,19
2012,308,2,20
2012,335,1,22
2013,42,4,28
2013,45,3,18
2013,56,3,29
2013,66,6,12
2013,110,5,20
2013,120,6,28
2013,162,13,29
2013,192,15,29
2013,216,7,21
2013,234,17,14
2013,249,16,22
2013,287,53,26
2013,308,75,22
2013,310,105,24
2013,319,49,23
2013,350,39,26
2013,357,29,23
2014,25,13,27
2014,28,17,17
2014,57,9,14
2014,84,143,20
2014,106,89,16
2014,108,62,16
2014,128,37,25
2014,129,30,28
2014,149,52,25
2014,180,29,17
2014,189,34,28
2014,220,2,19
2014,233,4,25
2014,240,4,23
2014,261,1,23
2014,265,1,17
2014,330,1,24
2015,22,14,27
2015,68,3,15
2015,98,4,22
2015,106,1,16
2015,163,25,18
2015,165,4,19
2015,201,25,27
2015,207,3,18
2015,220,4,16
2015,228,1,21
2015,229,6,21
2015,243,8,29
2015,248,11,22
2015,253,30,28
2015,262,15,15
2015,295,9,29
2015,306,9,21
2015,319,5,22
2015,331,4,25
2015,355,1,21
2015,356,2,16
2016,53,79,22
2016,68,50,18
2016,98,59,20
2016,141,112,25
2016,154,92,20
2016,175,68,23
2016,195,56,29
2016,197,85,25
2016,199,7,21
2016,206,10,21
2016,215,22,15
2016,244,43,18
2016,255,7,16
2016,284,58,23
2016,334,36,26
2016,339,12,20
2016,343,22,18
2016,352,18,19
2017,6,28,24
2017,13,30,18
2017,15,6,22
2017,29,1,22
2017,34,37,24
2017,41,31,20
2017,49,16,25
2017,69,20,18
2017,77,8,25
2017,111,31,25
2017,132,14,18
2017,133,8,21
2017,135,20,24
2017,137,6,17
2017,167,9,19
2017,169,7,25
2017,194,3,25
2011,279,1,15
2011,287,1,17
2011,341,1,31
2011,342,1,18
2011,343,1,22
2011,352,1,22
2012,3,1,27
2012,24,1,17
2012,35,1,19
2012,55,2,21
2012,64,1,23
2012,67,1,23
2012,74,1,23
2012,100,1,19
2012,150,2,21
2012,172,2,26
2012,173,2,20
2012,181,3,15
2012,193,1,26
2012,197,1,16
2012,203,1,22
2012,210,4,19
2012,215,2,24
2012,236,2,16
2012,242,2,25
2012,261,3,20
2012,263,9,22
2012,264,1,27
2012,299,3,16
2012,329,1,18
2012,351,3,24
2013,1,4,19
2013,3,6,20
2013,30,5,20
2013,47,2,21
2013,53,3,20
2013,69,4,20
2013,83,3,21
2013,87,10,18
2013,150,12,18
2013,207,8,28
2013,232,9,19
2013,252,16,20
2013,282,70,15
2013,292,65,26
2013,302,62,21
2013,313,88,34
2013,326,60,22
2013,359,17,20
2014,39,10,26
2014,46,5,22
2014,49,9,25
2014,56,16,26
2014,58,7,14
2014,69,93,14
2014,86,166,15
2014,90,101,14
2014,93,100,22
2014,126,52,15
2014,157,39,29
2014,164,46,18
2014,171,50,15
2014,213,2,22
2014,228,2,18
2014,239,3,14
2014,259,5,17
2015,24,4,30
2015,44,2,18
2015,62,4,21
2015,65,2,17
2015,71,5,14
2015,81,2,18
2015,87,1,23
2015,100,3,25
2015,110,2,21
2015,111,1,31
2015,158,7,21
2015,172,5,20
2015,176,65,20
2015,179,11,24
2015,219,17,17
2015,245,24,22
2015,252,36,18
2015,256,4,18
2015,259,27,26
2015,266,12,22
2015,267,12,22
2015,277,2,21
2015,278,11,20
2015,335,4,31
2016,84,175,24
2016,85,125,26
2016,114,16,26
2016,120,98,20
2016,127,70,17
2016,146,98,20
2016,214,23,23
2016,228,31,20
2016,237,52,17
2016,259,37,16
2016,266,86,16
2016,324,17,25
2016,345,8,18
2017,21,17,16
2017,50,5,16
2017,54,39,20
2017,63,13,28
2017,74,17,24
2017,79,22,26
2017,100,18,21
2017,105,6,19
2011,361,1,24
2012,6,2,19
2012,31,3,26
2012,122,1,31
2012,124,1,29
2012,153,1,29
2012,178,3,16
2012,185,2,12
2012,194,2,23
2012,208,2,12
2012,223,5,20
2012,237,3,24
2012,239,2,20
2012,312,2,15
2012,322,4,19
2012,342,2,24
2012,361,5,10
2013,10,2,18
2013,14,3,23
2013,21,2,15
2013,39,5,22
2013,71,2,16
2013,88,4,22
2013,98,7,21
2013,138,4,18
2013,147,8,18
2013,153,9,21
2013,157,9,20
2013,214,14,13
2013,218,12,32
2013,223,14,22
2013,239,23,22
2013,242,16,24
2013,251,22,32
2013,260,34,20
2013,270,33,17
2013,274,29,21
2013,285,36,15
2013,322,77,21
2013,329,59,26
2013,346,36,21
2013,352,43,17
2014,1,10,18
2014,44,8,19
2014,95,68,21
2014,101,97,27
2014,105,108,18
2014,133,43,17
2014,162,46,19
2014,169,49,14
2014,170,48,23
2014,182,60,21
2014,190,35,13
2014,243,1,13
2015,43,3,22
2015,45,3,27
2015,95,3,15
2015,105,1,20
2015,114,1,18
2015,178,22,9
2015,184,29,18
2015,198,32,26
2015,221,4,22
2015,223,14,22
2015,255,11,20
2015,257,28,26
2015,265,25,16
2015,285,6,25
2015,309,16,14
2015,312,4,16
2015,327,16,25
2015,339,1,24
2016,46,2,23
2016,63,40,19
2016,70,90,13
2016,83,183,17
2016,113,40,24
2016,126,78,21
2016,136,19,39
2016,170,24,17
2016,192,17,24
2016,232,37,22
2016,234,10,21
2016,250,54,24
2016,279,58,23
2016,294,38,21
2016,295,28,24
2016,312,24,20
2016,319,29,21
2016,327,15,26
2016,338,10,21
2016,353,6,24
2016,357,33,36
2016,365,29,17
2017,1,3,17
2017,45,32,19
2017,73,17,29
2017,75,19,10
2017,76,17,11
2017,93,17,23
2017,94,10,22
2017,108,13,25
2017,141,6,17
2017,171,11,14
2011,288,2,24
2011,338,1,22
2011,355,1,24
2012,8,1,23
2012,22,1,24
2012,42,2,19
2012,45,1,13
2012,70,1,21
2012,96,1,14
2012,118,2,22
2012,133,3,18
2012,135,2,20
2012,138,1,28
2012,144,2,27
2012,165,2,18
2012,166,2,21
2012,169,2,26
2012,209,3,22
2012,227,3,11
2012,234,5,17
2012,238,2,20
2012,246,4,28
2012,251,3,20
2012,254,4,24
2012,317,3,21
2012,345,1,26
2013,31,4,19
2013,72,7,13
2013,76,5,25
2013,80,4,21
2013,90,2,24
2013,95,8,16
2013,100,13,21
2013,105,6,22
2013,133,11,25
2013,163,10,14
2013,180,9,22
2013,196,9,19
2013,208,6,22
2013,238,18,28
2013,247,24,21
2013,264,20,31
2013,279,26,26
2013,293,37,15
2013,328,53,21
2013,342,18,31
2013,354,22,12
2014,3,22,16
2014,8,23,30
2014,41,18,24
2014,71,122,16
2014,87,122,19
2014,102,60,25
2014,122,46,29
2014,131,37,17
2014,166,30,21
2014,176,46,25
2014,178,42,24
2014,211,4,17
2014,216,1,23
2014,227,3,25
2014,247,2,26
2014,257,2,15
2014,263,2,29
2014,269,2,32
2015,28,4,14
2015,36,8,17
2015,42,3,14
2015,47,2,18
2015,54,4,18
2015,61,3,26
2015,86,5,20
2015,94,4,17
2015,104,1,22
2015,107,1,26
2015,120,1,23
2015,146,2,29
2015,175,37,32
2015,193,15,27
2015,196,41,22
2015,224,16,16
2015,238,6,15
2015,250,11,18
2015,280,11,20
2015,289,15,18
2015,297,5,21
2015,321,14,25
2015,345,1,29
2016,82,107,25
2016,90,144,15
2016,94,20,18
2016,105,49,21
2016,124,71,15
2016,130,55,20
2016,152,73,21
2016,155,135,20
2016,162,108,14
2016,164,22,10
2016,166,68,18
2016,186,41,25
2016,221,53,24
2016,223,68,24
2016,245,59,22
2016,257,38,15
2016,262,21,20
2016,263,62,27
2016,290,14,16
2016,311,8,26
2016,322,41,25
2016,346,5,23
2016,347,19,16
2017,17,29,23
2017,23,28,27
2017,30,4,29
2017,33,38,24
2017,44,42,22
2017,58,31,33
2017,64,8,21
2017,80,20,27
2017,102,24,25
2017,197,2,27
2017,220,17,19
2017,234,6,15
2011,339,1,20
2012,41,3,15
2012,53,2,11
2012,54,2,25
2012,59,2,24
2012,136,3,24
2012,142,1,20
2012,168,2,20
2012,212,3,21
2012,221,3,24
2012,253,4,14
2012,333,4,11
2012,360,3,18
2013,22,1,17
2013,121,15,27
2013,169,7,15
2013,177,3,23
2013,224,13,28
2013,237,13,18
2013,245,19,16
2013,271,36,25
2013,281,59,21
2013,297,90,17
2013,324,60,13
2013,327,40,28
2013,338,42,22
2013,348,21,26
2014,6,30,21
2014,14,12,21
2014,17,14,15
2014,30,10,25
2014,32,9,25
2014,43,12,32
2014,72,97,16
2014,85,120,24
2014,96,69,20
2014,99,75,35
2014,124,33,15
2014,138,26,23
2014,155,57,18
2014,163,71,22
2014,168,51,16
2014,207,4,16
2014,217,3,24
2014,222,1,12
2014,224,3,20
2014,237,2,21
2014,258,2,24
2014,282,4,11
2014,312,1,18
2015,39,2,18
2015,49,3,21
2015,78,4,19
2015,82,2,25
2015,89,1,22
2015,96,2,23
2015,128,1,16
2015,154,19,15
2015,159,12,22
2015,171,13,15
2015,192,25,17
2015,210,21,28
2015,216,22,15
2015,241,7,21
2015,244,18,22
2015,246,32,20
2015,268,9,16
2015,281,22,22
2015,290,3,18
2015,303,16,15
2015,304,4,20
2015,326,1,15
2015,334,4,11
2016,92,81,18
2016,102,47,22
2016,108,9,23
2016,116,36,16
2016,129,14,26
2016,158,114,25
2016,171,14,22
2016,178,11,18
2016,184,14,14
2016,193,37,16
2016,213,9,21
2016,230,28,21
2016,248,10,17
2016,264,75,20
2016,280,69,21
2016,287,58,23
2016,306,33,21
2016,315,41,26
2016,351,31,19
2016,354,36,19
2017,4,36,30
2017,12,27,23
2017,18,26,17
2017,112,18,30
2017,120,3,17
2017,124,11,22
2017,143,15,30
2017,151,7,19
2017,168,4,24
2017,177,5,32
2017,193,7,17
2017,211,1,25
2017,235,4,24
2017,238,3,14
2011,292,1,21
2011,353,1,22
2011,362,2,38
2012,4,1,22
2012,26,1,23
2012,32,2,20
2012,63,1,16
2012,66,1,16
2012,99,1,22
2012,115,1,26
2012,127,2,16
2012,139,1,18
2012,158,3,18
2012,177,5,18
2012,183,2,16
2012,192,2,13
2012,198,3,19
2012,201,2,17
2012,222,2,13
2012,245,5,18
2012,255,2,27
2012,268,2,18
2012,303,4,25
2012,321,3,18
2012,332,3,14
2013,2,2,17
2013,24,4,16
2013,27,4,21
2013,34,5,21
2013,44,1,25
2013,49,4,16
2013,57,3,12
2013,81,4,19
2013,82,3,21
2013,84,5,20
2013,104,7,15
2013,109,6,13
2013,136,11,23
2013,171,6,24
2013,222,12,19
2013,235,15,23
2013,248,20,14
2013,259,23,23
2013,266,32,24
2013,288,73,13
2013,304,58,21
2013,306,46,18
2013,307,58,21
2013,321,44,21
2013,332,67,18
2013,334,35,24
2013,363,17,20
2014,26,12,18
2014,35,16,27
2014,54,10,22
2014,60,9,14
2014,73,110,14
2014,112,58,18
2014,134,46,22
2014,139,47,21
2014,141,52,22
2014,144,38,18
2014,159,29,22
2014,165,43,14
2014,186,27,16
2014,187,28,23
2014,202,3,24
2014,210,5,12
2014,218,4,26
2014,238,5,25
2014,250,1,14
2014,254,1,23
2014,274,1,22
2014,296,7,14
2015,20,3,19
2015,37,11,21
2015,57,3,23
2015,63,3,11
2015,69,4,27
2015,72,11,14
2015,109,1,20
2015,115,1,26
2015,151,6,21
2015,167,16,20
2015,173,27,19
2015,188,29,15
2015,208,13,16
2015,230,11,11
2015,236,10,24
2015,273,13,19
2015,292,5,19
2015,311,11,18
2016,42,1,25
2016,48,82,22
2016,50,107,19
2016,52,24,22
2016,69,61,21
2016,73,10,22
2016,79,52,24
2016,88,71,23
2016,112,41,20
2016,131,50,16
2016,137,68,19
2016,160,206,19
2016,165,60,20
2016,182,85,17
2016,196,65,21
2016,242,41,20
2016,258,33,18
2016,272,57,20
2016,274,68,17
2016,281,78,21
2016,286,62,13
2016,303,17,23
2016,317,13,22
2016,341,39,25
2016,342,32,24
2016,344,28,25
2016,348,8,21
2017,7,14,24
2017,25,39,21
2017,31,34,30
2017,38,28,28
2017,47,42,14
2017,97,23,26
2017,146,10,16
2017,222,9,17
